user_id,name,age,gender,city,tags,humor_style,music_vibe,social_energy,risk_taking,ideal_date,gender_interest,min_age_pref,max_age_pref,city_interest,birth_date,birth_city,birth_time,t_0,t_1,t_2,t_3,t_4,t_5,t_6,t_7,t_8,t_9,e_0,e_1,e_2,e_3,e_4,e_5
1,Liam X.,29,M,Miami,"climbing, music, tech",wholesome,jazz,introvert,low,farmer's market,F,26,32,Miami,1996-05-10,Miami,,0.6827393017000964,0.1335382164050608,0.8591697992743572,0.14407467729178722,0.5513415944594291,0.3855284924591824,0.35479710105099854,0.40975875597228967,0.9005165156715425,0.9081181874648345,0.4320664664083208,0.10153105381281116,0.0,0.0,0.5545837516464507,0.19588518557977527
2,William O.,33,M,Portland,"coffee, photography, yoga",wholesome,metal,ambivert,medium,farmer's market,F,28,38,Portland,1990-07-22,Portland,04:16,0.2866237087804703,0.6871855766586452,0.4785535822619734,0.5527233605326218,0.13444124582463446,0.5628709277724955,0.36325314372882744,0.7383266319355113,0.7023045023812975,0.3188983597737652,0.8186844130431734,0.4490144560467305,1.0,0.6727040164760731,0.08839478125422798,0.13650055288767576
3,Grace J.,37,F,Denver,"cooking, fitness, music",wholesome,metal,ambivert,low,board games,any,32,42,Denver,1987-10-18,Denver,,0.22751797439764393,0.9201028228414242,0.1135608913590016,0.5405546667911073,0.7806542721742014,0.261754843694006,0.18141683376890527,0.6088059052974317,0.612738107988156,0.29017835855655005,0.12754867432003056,0.4263775580151795,0.0,0.4684680275567915,1.0,0.0
4,Jackson H.,36,M,Phoenix,"cinema, poetry, tech",dark,jazz,ambivert,medium,escape room,F,33,39,Phoenix,1987-02-25,Delhi,,0.6430365551326804,0.6873196408433153,0.2601982352133109,0.5565769229093704,0.6764976568587051,0.455265154344735,0.6446298171543638,0.3952291087350957,0.5650427011791861,0.0,0.6463326017234132,0.6562788941622737,0.8348946940494422,0.8804843156547344,0.30061013201491177,0.0
5,Finley F.,22,NB,Houston,"books, cooking",wholesome,rap,ambivert,low,museum,any,21,25,Houston,2001-12-03,Kolkata,,0.36260128046553036,0.1735525703143884,0.21817875543004617,0.5935310496813702,0.6413235615753712,0.2673074983459977,0.30818000415543967,0.2853586362686457,0.09028362340052665,0.11527685123812542,0.46411535036466195,0.5928291291297791,0.8244643588265044,0.7006245732063903,0.6939079405870043,0.7368065178658687
6,Charlotte W.,31,F,Denver,"basketball, bbq, comedy",wholesome,rock,extrovert,medium,art museum,M,26,36,Any,1992-03-23,Denver,,0.13348873874568334,0.30510769605385285,0.9312827450832065,0.8725364333449134,0.0,0.5745798359778533,0.3373753668100671,0.7249705595303271,0.011205912225995818,1.0,0.4787742959225445,0.41248194774840924,1.0,1.0,0.16672504495123797,0.5906749995754239
7,Layla W.,24,F,Washington,"basketball, yoga",wholesome,classical,ambivert,medium,dance night,M,21,28,Washington,1999-02-05,Washington,,0.5812887692236642,1.0,0.7084421914355723,0.552741023123348,0.8218141332753366,0.45422831893007676,0.2020773443707034,0.6130626891078301,0.43114825944268687,0.3799936764390843,0.2570363775180791,0.6701099965796993,0.8443271804992762,0.10620575845705033,0.5623577065368301,0.5227248127621609
8,Elizabeth W.,30,F,Seattle,"boardgames, cooking, poetry",dark,jazz,extrovert,low,barcade,M,24,36,Any,1993-08-27,Hyderabad,,0.7138946814062788,0.597839597845613,0.09406674267425164,0.8043098601064979,0.9691063470611037,0.28980758711839316,0.6420524124337539,0.22992435060963323,0.8045009042054979,0.49230023944034756,0.31224778703401224,0.3407678327575002,0.35938490199460316,0.9129921897628879,0.06167501292917943,0.45066630707425553
9,John O.,37,M,Atlanta,"beach, cinema, comedy, poetry",wholesome,classical,ambivert,medium,karaoke,F,32,42,Any,1986-11-17,Chennai,,0.1487572151124633,0.34380090192983614,0.0,0.3869659567872117,0.008788472513830109,0.542994052406804,0.2106710904876118,0.955286126862712,0.6712950007412911,0.6938231934746965,0.0,0.9655438954008486,0.9048431080479994,0.7751950548183542,0.43557580553553266,0.1809232202494181
10,Sofia E.,40,F,New York,"art, books, cinema, hiking",dark,pop,ambivert,low,live music,M,35,42,New York,1984-06-21,New York,,0.9511643946479484,0.0014152714393661503,0.04303471580353091,0.609961481169415,0.7071843247798941,0.40160352921187237,0.7251970659639906,0.0,0.5727989433529179,0.39474830647392134,0.8596038302598953,0.2321376397023613,0.5166453747826244,1.0,0.0,0.4183656165049405
11,Elijah W.,30,M,Austin,"fitness, music",dark,metal,introvert,high,coffee walk,F,24,36,Any,1994-08-10,Austin,14:45,0.0,0.6120211953485247,0.8676829481952113,0.2132422907796466,0.7135527219418168,0.6942623465881995,0.6876777446698117,0.6010877692899742,0.6707627269456183,0.33298052206092843,0.31754412732356607,0.2098364114913021,0.3373514928000436,0.9135819620069805,0.3312611058311935,0.1852129251749915
12,Olivia C.,30,F,Miami,"basketball, fitness, gaming, yoga",dark,jazz,extrovert,high,art crawl,M,24,36,Miami,1993-04-29,Delhi,,1.0,0.5050881379468785,0.6045044296901643,0.7980191744698564,0.545518102085287,0.7447482443814439,0.7684850775529963,0.4839682616198203,0.0,0.558590413430222,0.7895449605806798,0.0,0.2715678523009882,0.6200045184432692,0.46951216926948053,0.0
13,Alexander C.,28,M,Austin,"boardgames, cinema, comedy, yoga",dark,classical,ambivert,high,local show,F,25,31,Austin,1996-04-16,Bengaluru,05:15,0.0,0.0,0.4685667685381798,0.49851085264282025,0.6754063539379431,0.589566588204067,0.6493060444558323,0.9213841179206759,0.45187639333055885,0.8926815905300445,0.5694770617635481,0.0504898767892642,0.7904819516610787,0.06322278321066668,0.8085182021975241,0.9429595470147961
14,Harper T.,29,F,New York,"hiking, yoga",wholesome,edm,extrovert,low,karaoke,F,23,35,New York,1994-05-23,Kolkata,,1.0,0.4150192510183609,0.08381818670610602,0.7963308312679995,0.7397941199823412,0.3812053464809745,0.1369286661859992,0.021951811800782428,0.9914942764709351,0.5256178437375683,0.8465532913099387,0.0652677208531659,0.6217297340310245,0.17300802083406946,0.04566417564320038,0.5165371154030123
15,Alexander R.,21,M,Phoenix,"tech, yoga",dark,rock,extrovert,low,brewery,any,21,26,Phoenix,2002-08-01,Phoenix,07:29,0.7462242655128666,0.9268126848872982,1.0,0.8747381366155704,0.6754914597608572,0.38928531907628827,0.7226589005978358,0.8862791223517643,0.2787975976853745,0.4456549427196782,0.5779754548460148,0.34841102700392357,0.30715143027944825,0.411935109619637,0.50173285455764,0.8678418801801975
16,Sawyer B.,25,NB,Houston,"beach, cinema, tech",dark,indie,extrovert,low,local show,any,21,29,Houston,1998-06-23,Chennai,10:54,0.6913713893010706,1.0,0.8802071741434306,0.7994401405683083,0.3454099877455716,0.28572522663083655,0.7699577113564927,0.8827041905916881,0.0,0.016834429882605584,0.058046203644306404,0.3168754150136035,0.19142848156931364,0.48983450304351484,0.24076442719602664,0.4924250465945022
17,Theodore A.,35,M,Los Angeles,"beach, books, fitness",dark,jazz,extrovert,medium,photo walk,any,31,39,Any,1988-02-24,Kolkata,,0.41543983794622485,0.21996213475527143,0.10066452036826151,0.7797207424205066,0.7629381790119922,0.5687630746473212,0.6781907507160183,0.4112775654975888,0.03308373249435842,0.40397319428862233,0.8759838310046777,0.0,0.35111165219322094,0.5086292027575334,0.14370831688076102,0.805659287747733
18,Madison I.,26,F,Portland,"beach, gaming, photography, tech",wholesome,pop,introvert,high,escape room,F,21,32,Any,1997-02-16,Portland,,0.6224347657093102,0.7762328602843616,0.7780104723882306,0.11708549657836043,0.0,0.6037651923305268,0.22957228658483367,0.257530251994464,0.6968041113368844,0.1921620632997454,0.8288802834955494,0.25093981815129884,0.6686577377523042,0.5559354881989953,1.0,0.5644881622739123
19,Jordan W.,32,NB,Denver,"beach, fitness, tech, yoga",dark,metal,introvert,medium,art museum,any,29,35,Any,1991-02-16,Hyderabad,00:03,0.5130095110697516,0.1646706708528209,0.22770457835750657,0.10617296240092294,0.7349680987941138,0.6068997543128255,0.7509212855485972,0.0,0.055352469268959925,0.3765257324690358,0.18885112577156116,0.13219448326767652,0.0,0.7573693729128698,0.7314128542879459,0.7859598138797177
20,Levi J.,35,M,New York,"basketball, boardgames",dark,rock,ambivert,high,photo walk,F,32,38,New York,1989-02-03,Kolkata,17:45,0.621962096835222,0.5027860879766075,0.36493386854273807,0.4591150355398892,0.8122943029441485,0.6648635391121042,0.6593355084850943,0.3110309605796436,0.1730411538268738,0.5258287240971433,0.1658843782967711,0.663265020616373,0.587709949497061,0.23984203165901502,0.8455917266466024,0.6234169311347204
21,Joseph N.,22,M,Los Angeles,"comedy, fitness, tech",wholesome,pop,extrovert,medium,dance night,any,21,27,Any,2001-02-28,Los Angeles,,0.6985816078424784,1.0,0.6991927788333636,0.8282811636622474,0.6456985114672988,0.44530468245109256,0.29175249054714714,0.22802341332552162,0.5067917011610856,0.22177786174457692,0.17832415558432996,0.16703237629221285,0.26292783725553515,0.8876973397227178,0.31856778060070484,0.0
22,Evelyn G.,37,F,Austin,"gaming, poetry, tech",dark,edm,introvert,low,tea house,any,34,40,Austin,1986-04-19,Austin,09:20,0.689967400090456,0.20816643240913194,0.37064877751341957,0.2589931583515047,0.292409875908003,0.4169882884647835,0.6831772941346204,0.2706312024578375,0.5729138132419063,0.23253458982473088,0.7693235993799676,0.9236724504630327,0.6067216558206654,0.2002296596055794,0.3759464167300523,0.3009617372001068
23,Benjamin Y.,32,M,Dallas,"climbing, tech, yoga",dark,rap,introvert,high,trail walk,M,29,35,Dallas,1991-08-26,Dallas,14:43,0.6030313327514804,0.7100113867257303,0.9405773189712792,0.09484968802426419,0.7142946647502388,0.7957904401493856,0.654840450544894,0.18604789420105367,0.5777352323671945,1.0,0.6192490788159466,0.4953014817302546,1.0,0.6356232542696889,0.5447535123768669,0.26614567396045263
24,William B.,28,M,Philadelphia,"cinema, comedy, cooking, fitness",dark,edm,ambivert,medium,karaoke,F,25,31,Any,1995-02-03,Kolkata,09:16,0.8176721068487485,1.0,0.38300574481240834,0.3985196202322103,0.7312624161089303,0.4042737832802946,0.832662813284612,0.5516764807744263,0.9152546238116345,0.9722237761721542,0.7012504441180807,0.6000686405267501,0.2793866977360112,0.00877851960218487,0.9394308200579833,0.009082258440134827
25,Matthew Q.,22,M,Atlanta,"boardgames, cinema, climbing",wholesome,pop,extrovert,high,arcade,M,21,25,Atlanta,2002-08-16,Hyderabad,07:34,0.5185264795619413,1.0,0.3010002712616253,0.903313262510306,0.6121884463037061,0.6751489517128595,0.22957525739656132,0.8284645996123585,0.04053419653809959,0.6317882390029324,0.7209466096504918,0.0,0.12990386646967395,0.7119807691114557,0.3380165418955389,1.0
26,Ava L.,28,F,New York,"climbing, photography, tech",wholesome,indie,ambivert,medium,gallery opening,any,22,34,New York,1996-02-10,Delhi,17:46,0.6971313200032494,0.6187567686199567,0.0,0.5593559819750349,0.5310991602499069,0.39621429385805573,0.2157025303635359,0.5933075204575073,0.6223377773156933,0.38305206310145834,0.6823056375265616,0.6326459644981843,0.715929361435224,0.21982317260223766,0.5994520936275836,0.3108627537878571
27,Joseph K.,25,M,San Francisco,"cooking, music, photography",dark,classical,extrovert,low,trail walk,F,21,31,San Francisco,1999-01-23,San Francisco,10:59,0.24901031634850204,0.7994459412620883,0.12476107081735854,0.8522390987147976,0.14124285478109921,0.33653801146426254,0.6699947452958193,0.7136238644020583,0.6841388979010772,0.6124766472884242,0.6573232978579752,0.037311303425114684,0.7276660509098922,0.05671633733958939,0.0,0.2631894072001339
28,Luke L.,40,M,Phoenix,"boardgames, books, coffee",dark,pop,introvert,low,movie night,M,34,42,Phoenix,1984-04-30,Phoenix,,0.4232011867232494,0.7125320630028225,0.8720315563479667,0.15670106530399286,0.46828030910775964,0.24558537879585707,0.7133820707372555,0.43123638828002486,0.4187387167121446,0.2280536385832731,0.8677112387736555,0.9111990266944159,0.3343331961345644,0.6912501037171355,0.19778563740529367,0.8892419916354568
29,Matthew J.,26,M,Boston,"comedy, tech, yoga",wholesome,pop,introvert,medium,bookstore,F,21,31,Boston,1998-11-10,Boston,,0.6922962281896976,0.425142182314354,0.45437383255056896,0.23000536674766173,0.05366493953794149,0.40242281765205823,0.2774627867939675,0.7484549728164218,0.13075122966651342,1.0,0.400576858608497,0.4228096615393461,0.49396016680125515,0.38932677956287665,0.0,0.8210222469713061
30,Mateo E.,26,M,Atlanta,"art, books",wholesome,edm,extrovert,low,karaoke,F,23,29,Atlanta,1997-11-25,Atlanta,,0.915682658933139,0.04121768673294979,0.023676332886915563,0.7995837300943782,0.4942097623687962,0.349702330015437,0.2535339614155563,0.05309027038256123,0.6425621446163288,0.32695557171314593,0.006005874061888489,0.22070190507086512,0.4643396123926806,0.6611272989988143,0.37404804353735277,0.47058774594545016
31,Elizabeth Q.,35,F,Miami,"coffee, fitness, hiking",wholesome,edm,ambivert,high,coffee walk,F,30,40,Miami,1989-08-09,Bengaluru,12:23,0.0,0.4793311307325144,0.22041099202696277,0.5822244625673908,0.6529142302252497,0.7017555966883111,0.2724939173514368,1.0,0.15216678883433266,0.5432952017275188,0.0,0.8959713594413339,0.30869710907895015,0.6770002835414204,0.8224867545855741,0.4628548803493927
32,Mateo J.,36,M,New York,"photography, poetry, tech",dark,indie,extrovert,medium,art museum,any,32,40,Any,1987-03-29,Hyderabad,12:09,0.7114702810509752,0.6928828180889969,0.15540746753776707,0.7516397986856707,0.20498338546872713,0.615742471154239,0.8559565311185907,0.716985159087833,0.7813522807262929,0.4044658490548186,0.9324836114082999,0.5608909961201192,0.8964612186293639,0.8629374076373657,0.2548702443050971,0.8247412337464923
33,Jackson K.,36,M,Dallas,"gaming, music, tech",dark,jazz,ambivert,low,barcade,F,33,39,Dallas,1987-12-02,Chennai,,0.7512814667279766,0.42499089970093273,0.25376116758417583,0.38895157917719436,0.7405871787205951,0.33029239573880126,0.8511530116350616,0.4636722071012475,1.0,0.24967675483172158,0.8660672438507431,0.804085327519509,0.1584942423455897,0.220397582364182,0.4916308499516898,0.9488863832139915
34,Jordan M.,36,NB,Boston,"art, coffee, gaming",wholesome,metal,ambivert,medium,coffee walk,any,30,42,Any,1988-09-15,Delhi,10:10,0.8200904370343192,0.4270486908269659,0.21412673392471956,0.6015454433473081,0.6941899761138272,0.5647618513899647,0.3430723393623061,0.38439622125885126,0.7570871132256443,0.0,0.3069321179850216,0.3791017542457234,0.42980923804376836,0.20133363701435317,0.647023109363829,0.27136099716222944
35,Alexander L.,40,M,Miami,"basketball, cinema, climbing",dark,metal,ambivert,high,club,any,36,42,Any,1984-09-26,Hyderabad,,0.6845699817033376,1.0,0.224152873922982,0.4932970882029561,0.5406286599468313,0.62319551843817,0.6989017696539168,0.0,0.45377128490388785,0.662457826335188,0.021231838769087907,0.0,0.0,0.5439283116369307,0.27731688287014755,1.0
36,Samuel U.,34,M,Dallas,"beach, boardgames, books, hiking",wholesome,metal,introvert,low,club,F,30,38,Any,1990-01-02,Dallas,14:43,0.6735707928508929,0.21707490810653304,0.2536981024708566,0.2654091709957097,0.7628774966521422,0.28685696834641294,0.3264117973816367,0.0,0.5618087872285187,0.8953510875440542,0.0,0.4628186968319177,0.9200238816261042,0.43622563986073354,0.48399973701459714,0.6225952243630162
37,Finley H.,34,NB,Los Angeles,"coffee, cooking, music",dark,classical,introvert,medium,coffee walk,any,29,39,Los Angeles,1989-03-18,Delhi,15:15,0.7297827835371291,0.8910424934489043,0.9521727435680509,0.10815588786640029,0.0,0.4949410103221678,0.8698972816842748,0.2272148239111848,0.05155857114372703,0.735425147628024,0.6865184348491928,0.8962795614484994,0.5464870001550761,0.7692524380158308,0.6662199842637688,1.0
38,Aria W.,27,F,Washington,"gaming, music, photography",dark,classical,extrovert,high,concert,M,22,32,Washington,1996-08-26,Hyderabad,,1.0,0.3190630237784332,0.3952891864540895,0.6881177017195258,0.9822440059187938,0.8068451466882155,0.8332073719638533,0.8329436047085786,0.7504646630179458,0.45028192145029655,1.0,0.291535770151707,0.5965349408697431,0.7133033235145732,0.9421815029051799,0.3770486941308046
39,Daniel E.,28,M,Chicago,"art, comedy, travel",dark,metal,introvert,high,coffee walk,M,22,34,Chicago,1996-01-04,Chennai,,0.39426208916034977,0.687764906793968,0.917576992185436,0.1999660143470701,0.0,0.7682503145896267,0.7341383164731989,0.2054625901754787,0.7197569883853104,0.8591420014318054,0.33628222790965345,0.9401085337670276,1.0,0.02105891877099897,0.2863704030070747,0.0
40,Elijah Q.,22,M,Miami,"basketball, bbq, hiking",wholesome,rock,extrovert,medium,club,F,21,25,Miami,2001-01-09,Miami,,0.8798813098164808,0.14445851525992953,0.006733567297277948,0.8385612578035702,0.739416552140824,0.528467813662373,0.15056658823281657,0.7853868480993229,0.015949383653493077,0.7430303054982386,1.0,0.5608359989877529,0.0,0.9869479521172733,0.6204969046882831,0.53966486109244
41,Oliver I.,25,M,Washington,"boardgames, fitness, photography",wholesome,rock,introvert,medium,photo walk,F,21,30,Washington,1999-04-06,Kolkata,,0.12380131749111584,0.10975284362118337,0.4927019961377205,0.1597321316747905,0.6004208671240872,0.5729783508697718,0.27884612508992546,0.09802213748557137,0.648862514883778,0.23108423237695735,0.38733767312625955,0.23038413077102277,0.09965377879710463,0.6813175265923419,0.0,0.5739520731879961
42,Wyatt U.,40,M,Seattle,"basketball, photography, travel",dark,pop,ambivert,medium,barcade,M,34,42,Any,1984-06-15,Chennai,,0.75194718181481,0.805221253295665,0.48376757295356626,0.5225167864051706,0.38825970898012563,0.40624866205862886,0.8494562996953403,0.45648512601334473,0.6244692906534708,0.10802000752599861,0.3464308505385033,0.6472802662828396,0.7884648536059851,0.8206141398690342,0.31782198851137305,0.8890124724629901
43,William U.,40,M,San Francisco,"art, photography, poetry, tech",wholesome,edm,introvert,high,escape room,F,36,42,San Francisco,1984-08-25,San Francisco,,0.684232081211576,0.0,0.6930121479336948,0.12426842603633449,0.02880938317007317,0.6837122685830278,0.2837149303984188,0.5562238975872267,0.5587576823027172,0.5792370969379697,0.9379619584135379,0.47575178860130596,0.8302482385194735,0.0,0.8349265255302329,0.17488400917956207
44,Victoria N.,33,F,New York,"bbq, books, travel",wholesome,pop,ambivert,medium,day hike,M,28,38,New York,1990-09-28,New York,,0.32416566434138444,0.02542302798655119,0.26137709398273845,0.4963061406669641,0.9727835987905836,0.47214660220830873,0.1768308379922198,0.15812119692512938,0.44631875977634994,0.5286293141183418,0.5090977776911958,1.0,0.0,0.10109392202678724,0.9136312014100529,1.0
45,Owen P.,34,M,San Diego,"basketball, beach, books, cooking",wholesome,rap,ambivert,low,art museum,F,29,39,San Diego,1989-10-17,San Diego,17:32,0.0,0.9690827126625354,0.5604283287831777,0.4641957149486794,0.8402187114479744,0.3593044510514331,0.19746040450964752,0.9691520749771559,0.538614127892177,0.7354445139745032,0.6177992831007824,0.8634570550254965,0.4770832168102694,0.432359601541294,0.0,0.0
46,Camila J.,30,F,Portland,"climbing, poetry",wholesome,edm,extrovert,low,gallery opening,any,26,34,Portland,1993-05-07,Portland,15:09,0.43865582055665303,0.3854201228952563,0.8617028121346917,0.8438124622623695,0.6378745288020701,0.25389793805988936,0.1416182226764135,0.9137697063613854,0.7851669285521704,0.5790774584364349,0.08398536469271356,0.17561579542634753,0.07297356939639174,0.7309967101512804,0.6176189068112357,0.39158167634007657
47,Nora F.,35,F,Philadelphia,"poetry, travel",wholesome,edm,introvert,medium,farmer's market,F,30,40,Philadelphia,1989-01-27,Bengaluru,07:27,0.7777040522419615,0.0,0.0,0.17881037464632277,0.8858625234360278,0.586391005904516,0.2947758807701776,0.5215279547341554,0.5760064100397966,0.6632665718263979,0.9253551642452649,0.42891032433404314,0.16115803276290241,0.09848686984769373,0.5735586365984453,0.4189045168474711
48,Riley D.,39,F,Washington,"climbing, photography, poetry",wholesome,edm,extrovert,low,dance night,M,34,42,Any,1985-12-04,Washington,,0.4201147836314793,0.47945288068267344,0.9600684186124462,0.7816580564412069,0.5458041331413412,0.3837289491949644,0.22654657855468,0.24857559985273533,0.7112966074408151,0.35001840845180754,0.7634343848874658,0.1254099388212631,0.0,1.0,0.2698677039426045,0.8728950765006851
49,Ava Q.,27,F,Seattle,"boardgames, books, hiking",dark,jazz,extrovert,low,live music,M,21,33,Seattle,1997-06-08,Hyderabad,03:00,0.8288003738524179,0.43564235198822615,0.6927976236546558,0.8871028387766268,0.6148938423102197,0.3432235014986571,0.6886923480856089,0.6702962036701821,0.19126593804344533,0.3228936934860152,0.3712721149924795,0.5397416827044532,0.22075742648025862,0.1472522981371035,0.5598210272178171,0.23524762926833254
50,Mila B.,38,F,Phoenix,"photography, poetry, yoga",dark,edm,introvert,high,concert,M,35,41,Phoenix,1986-07-25,Chennai,09:20,0.060433228000051464,0.2438764135461687,0.9282528093273923,0.1471580650085687,1.0,0.6355534176181926,0.6405360637687583,0.4100048963159288,0.8036512706870419,0.7520183232865718,0.0,0.6846940514945048,0.6225890427051816,0.49506381804283733,0.6965268785354934,0.7579833270903733
51,Zoey L.,35,F,Chicago,"climbing, comedy",dark,rock,extrovert,high,live music,M,31,39,Chicago,1988-06-10,Chicago,,0.7276507759555242,0.29292458829856155,0.725221793880126,0.9085031856376986,0.6650362676006242,0.7134289027716132,0.8351043131092808,0.4299250339516435,0.6067347184902636,0.6901258944115553,0.7666862958749819,0.42896475220174296,0.27501823634016637,0.9061466817842316,0.0,0.624410255322798
52,Sophia Z.,25,F,Austin,"coffee, yoga",wholesome,rap,ambivert,medium,food trucks,M,22,28,Austin,1998-02-08,Mumbai,,0.8315660947613883,0.3003438994488989,0.5824038040426944,0.5104776039031379,0.8840255518771367,0.47179954012974934,0.13468719599736384,0.5989257821962741,0.2425886274122359,0.21709535573538657,0.7053442047748556,0.7285587544918462,0.231663860595559,0.3345561687418125,0.8209712907682429,0.5456001215581241
53,Jackson R.,36,M,Dallas,"bbq, boardgames, cooking",wholesome,metal,extrovert,low,bookstore,any,31,41,Dallas,1987-09-29,Kolkata,05:06,0.09254873109445436,0.7084318918484511,0.8954899717401257,0.7947173571598831,0.9157181487252821,0.37739234423899237,0.20961615845780882,0.4608674289642733,0.4137206295945043,0.6144621720097664,0.35291273967528203,1.0,1.0,0.34745866211738374,0.0,0.31361958037821974
54,Ethan W.,26,M,Atlanta,"art, climbing",wholesome,rock,extrovert,medium,farmer's market,F,21,32,Atlanta,1997-06-04,Delhi,13:50,0.6315860029322673,0.44159314599222244,0.7957374397729897,0.9111391098893751,0.6007248396723641,0.5408058970673728,0.3271988333027943,0.12300297556822731,0.7687857841401997,0.8113200454757629,0.0730119031296044,0.8756356172268751,0.4021129125920155,0.3948861136127215,0.0,0.4012307412853804
55,Charlotte H.,23,F,Dallas,"art, coffee, tech",dark,classical,extrovert,medium,arcade,any,21,29,Any,2000-10-06,Chennai,18:41,0.5011446716508403,0.6308041586068784,0.0,0.7742965315075573,0.5745669617904716,0.4978275862102329,0.7619190320489189,0.6291162443326217,0.5663514555115153,0.5235044393050713,0.5678378565908635,0.0,0.9199663401268592,0.8094565925003774,0.6364841672344401,0.05495020052291111
56,Lillian V.,40,F,San Diego,"art, tech, travel",wholesome,edm,introvert,medium,board games,M,34,42,San Diego,1984-02-16,Chennai,,0.791649463501327,0.3037528508041887,0.30080332432425066,0.108867649941304,0.8527162175960281,0.4214909534735587,0.3117253013534064,0.6218875859983488,0.8453103970747399,0.43994072212180835,0.8517886465787143,0.867411238066504,0.3206213705775756,0.7155665813197227,1.0,0.749698754185612
57,James B.,34,M,Chicago,"bbq, climbing, photography, travel",wholesome,rock,ambivert,high,tea house,F,29,39,Chicago,1990-12-25,Kolkata,03:26,0.18959867582440532,0.8615760857028318,0.0,0.5443644865123345,0.723117092497149,0.6347097792644241,0.3633991942445636,0.2763664528929751,0.640144134255244,0.6218448021779266,0.6231673232352035,0.42008833948544544,0.3363688041199281,0.27516034476954065,0.6802216386144082,1.0
58,Ethan I.,34,M,Chicago,"beach, poetry, travel",dark,metal,introvert,high,arcade,F,28,40,Chicago,1990-03-30,Delhi,07:02,0.7072673087327503,0.5690204443046519,0.8265821166514145,0.082135516656811,0.0,0.7353691730020058,0.8487637051325692,0.14786807035536503,0.73034258514836,0.5598921634768115,0.184310114100157,0.8512086265416539,0.9455391224951915,0.539145393652345,0.12153861099525676,0.9408473013077541
59,Evelyn T.,30,F,Portland,"bbq, beach, boardgames, fitness",wholesome,classical,ambivert,high,poetry night,any,24,36,Portland,1994-09-19,Portland,11:35,0.7127721828474004,0.06333864460480354,0.35685363339017023,0.5083124243706112,0.7015605427887227,0.7975663613212131,0.31837529327106806,1.0,0.8623837251401545,0.7689837739135581,0.8145235398700756,0.8531248632054893,0.3515306386846166,0.16016038045194692,0.38599153028365163,0.5599677929666649
60,Wyatt F.,38,M,Boston,"basketball, climbing, tech",dark,pop,extrovert,medium,coffee walk,F,33,42,Boston,1985-08-04,Boston,,0.5264124031277134,0.8335358288138184,0.916538141538088,0.8634760966749819,0.6843439216175186,0.5632566001053199,0.7474985017512039,0.6366589259072182,0.14581169884640593,0.8133761486771305,0.3474015076507666,0.8830331625703247,0.5662005091057245,0.25752364805506334,0.0,0.5623567351647438
61,Michael N.,36,M,Washington,"coffee, music",wholesome,metal,introvert,medium,karaoke,any,32,40,Washington,1988-11-16,Washington,,0.7642404915519674,0.10471011055076773,0.04528730557357136,0.22955234655485204,0.46809935931603497,0.3915104901706634,0.2725417762899641,0.9902461254368298,0.5490456875955808,1.0,0.0,0.8115936619911472,0.024693404816714504,0.2498280358084713,0.7172426146513962,0.8030708832787664
62,Lillian A.,22,F,Austin,"bbq, beach, boardgames, tech",dark,pop,introvert,high,food trucks,M,21,27,Austin,2002-12-06,Kolkata,04:26,0.5118333559906081,0.4894069655785115,0.0,0.1914265657366756,0.2768815801692802,0.6219284341468938,0.6539541396138282,0.32097110393106165,0.8314865143698983,0.1057178785365156,1.0,0.45850862610169973,0.09710588175471979,0.48433790405425337,0.09458827464571243,0.8662792379838672
63,Layla V.,31,F,Phoenix,"coffee, tech",wholesome,pop,extrovert,high,arcade,M,25,37,Any,1992-02-17,Bengaluru,,0.6695036677062174,0.20326238460577867,1.0,0.8427029410448394,0.23075848049192305,0.7183957619496111,0.31420689238957844,0.772109173417396,0.48714947257158675,0.29491012801214556,0.13949470960010524,1.0,0.38289412093127745,0.05970803761487195,0.0,0.43697885076224474
64,Reese Q.,37,NB,Austin,"basketball, boardgames, fitness, yoga",wholesome,indie,introvert,high,arcade,any,31,42,Any,1987-02-08,Austin,,0.19778912067678178,0.5372266740254827,0.5688995759507789,0.22398827637398303,0.6357597368524001,0.6671906913207414,0.3019979363510022,0.0,0.06529120622003698,1.0,1.0,0.927510442081455,0.6283207374936897,0.5360407948189049,1.0,0.49242246547345525
65,Chloe H.,21,F,Atlanta,"comedy, gaming, music",dark,rock,introvert,low,brewery,M,21,27,Atlanta,2003-04-07,Chennai,,0.6389014021418478,0.4922231536839004,0.126444642462628,0.1395773093824313,0.8661870810805157,0.31228611344783,0.7254887991492632,0.7681497276556236,0.48388280666303096,1.0,1.0,0.36279676264169597,0.1980670478026061,0.4992670311418319,0.8325894145098558,0.7245030147830771
66,Layla E.,25,F,Phoenix,"cinema, music, photography",wholesome,rap,introvert,high,gallery opening,M,21,30,Any,1999-12-30,Delhi,,0.5877408121756394,0.026747933761351844,0.5227528389424864,0.25817905660948653,0.952702304826734,0.637022913415889,0.26470493266979456,0.0,0.7852921518612659,0.5467462552759917,0.13695215263401975,0.9537387246835772,0.44729693478870497,0.22072211377500833,0.3233012305306228,0.9583973712956115
67,Alexander W.,22,M,Washington,"coffee, music, photography, poetry",wholesome,edm,introvert,high,karaoke,any,21,28,Any,2001-10-29,Kolkata,,0.5410131479859087,0.738886916540721,0.3519541434292021,0.21033923721975556,0.0,0.6638567082068885,0.22682009594192304,0.7288280084920875,0.8150190216601352,0.7610769019297103,0.8312506512756854,0.4750997277658964,0.2938886570073996,0.7229186017054036,0.9693514900265259,0.581880534847819
68,Ethan L.,30,M,Denver,"art, fitness, music, tech",dark,rap,extrovert,high,movie night,F,27,33,Denver,1993-07-15,Denver,12:16,0.6724886882788375,1.0,0.5566480846669555,0.7010050155042077,0.568293690482497,0.7706115488742136,0.6430243370139459,0.2423731826943581,0.7174252615953431,0.9925527797968554,0.18656553744534266,0.659399933784686,1.0,0.9104118262233334,0.5391435720048494,0.3582544605404143
69,Elizabeth O.,33,F,Phoenix,"art, boardgames, tech",wholesome,rock,extrovert,high,live music,F,30,36,Phoenix,1991-05-29,Phoenix,,0.5582978646038976,0.3747441044053956,0.6451157713280113,0.8030126466914209,0.5694833331290698,0.6329891126457778,0.1686290458154548,1.0,0.8004245100604186,0.9815796161890801,0.3290108410003613,0.06302277154600328,0.805339682091784,0.45366910438918445,0.809857365883734,0.5002133981623004
70,Layla S.,22,F,Philadelphia,"books, gaming",dark,rock,introvert,high,museum,M,21,27,Philadelphia,2002-02-21,Mumbai,10:31,0.5204514363706069,0.3561774491138391,0.48424806931228737,0.20172279470853774,0.0,0.7196537177185429,0.6374866154419941,0.2740895098337377,0.8555948551533277,0.2420246799807979,0.35713392269733235,0.8117034632738176,0.6427146566005192,0.39655882743417237,0.6322132592132248,0.0
71,Victoria G.,22,F,Portland,"boardgames, climbing, fitness, yoga",dark,pop,ambivert,high,poetry night,M,21,27,Portland,2002-11-11,Kolkata,,0.1990367706743797,0.7891296255592601,0.28540173788384976,0.4403807384544529,0.6217526607652709,0.6334958210880252,0.8634417860041423,0.7243163231242886,1.0,0.12901954781288238,0.3842898533982037,0.49766417094000065,0.7890885680163361,0.4961558935497328,0.4311258119143448,0.644929100166759
72,Jacob P.,36,M,New York,"beach, cooking, yoga",wholesome,edm,introvert,low,arcade,F,33,39,New York,1987-06-19,New York,,0.3052370133511402,0.3612652576997783,0.0,0.14348496765086954,0.3530549440318451,0.3122411058944796,0.30380483153866145,1.0,0.27477672371810735,0.8165943370815836,0.03490372804708719,0.744868855844244,0.6696424693859122,0.8908668033510008,0.9868879783387496,0.2776734019048115
73,Mateo C.,28,M,Washington,"art, climbing, tech, travel",dark,pop,extrovert,low,arcade,F,25,31,Any,1996-02-17,Delhi,17:52,0.578390868429043,0.6374574554149677,0.6455786004397304,0.7781228185217437,0.6608314672639106,0.33225718137903676,0.6555799719478701,0.8828630041728744,0.7256110554642217,1.0,0.14279299087320602,0.3984140077386745,0.1516568629652434,0.020638457303377156,0.4447797745460399,0.3879909878768605
74,Jack I.,33,M,Denver,"basketball, cinema, cooking, music",dark,classical,ambivert,medium,museum,F,27,39,Any,1991-04-28,Hyderabad,03:13,0.6799922168524832,0.8692689535678226,0.41579612495923585,0.502531484095717,0.9983226401976171,0.5276455965688519,0.7976279358238059,0.4362524427674183,0.9829057080670807,0.49434999619848213,0.5645871271944742,0.2216281059224388,0.1718921549892018,0.22105097916601418,0.9416504366361633,0.36512216175584705
75,Jacob H.,21,M,Boston,"bbq, boardgames",dark,jazz,ambivert,high,day hike,F,21,24,Any,2002-10-14,Boston,,0.8291923742837621,0.4230785238438288,0.9746578738596091,0.43518323326139696,0.0,0.8093069649096064,0.7057753665669428,1.0,0.691408995656689,1.0,0.9244511637618369,0.9365477829020887,0.5128163517544999,0.0,0.14775133919616668,1.0
76,Liam W.,29,M,Miami,"boardgames, books, photography",wholesome,pop,ambivert,medium,concert,F,24,34,Miami,1995-09-13,Miami,,0.10129974184043458,0.4301718201680765,0.749951133967893,0.5864960313195084,0.35195538307626956,0.4897270482358465,0.3162169513251788,0.7707285169861656,0.5861104541232687,0.9256988765169759,0.08445615084053684,0.7709425068212061,0.5479811293489627,0.14368721644364385,0.6869685203044178,0.0
77,Ethan W.,21,M,New York,"boardgames, hiking, tech",dark,metal,extrovert,medium,arcade,F,21,25,New York,2002-07-07,Chennai,,0.6082886063165365,0.72210380636923,0.0,0.8311669309669171,0.6681050104442794,0.4603175692434951,0.73796515657531,0.748876755105959,0.6116327275533578,0.7969348882916116,0.8595941003489608,0.8917600915409576,0.3373172533964754,0.5068756603233082,0.42656500259505414,0.7997417238181286
78,Rowan L.,21,NB,Phoenix,"fitness, travel",wholesome,edm,ambivert,medium,food trucks,any,21,27,Any,2002-11-11,Hyderabad,05:40,0.7101501299564283,0.6742559526501131,0.5917072188447431,0.4752830049824407,0.5787356792794962,0.3999802883337648,0.31359912931206296,0.7807053877972597,0.8662353932195073,0.22432078033570357,0.15976454217595026,0.926284950211437,0.4487357711500125,0.0,0.29100698546100506,0.2642526918380384
79,Grace M.,30,F,Miami,"beach, climbing, gaming",wholesome,pop,introvert,low,food trucks,M,25,35,Any,1993-10-04,Miami,,0.40420658728566744,0.593786124405169,0.605890381429778,0.12525703503799893,0.5749688353313569,0.33490552793994915,0.34171889643768255,0.25519046874096646,0.0,0.6782923096727407,0.008357803712812667,0.6477608662960688,0.645215274640901,0.4591320400490893,0.856167027590065,0.8256947013095342
80,Owen M.,33,M,Miami,"books, poetry, yoga",dark,edm,extrovert,high,club,any,27,39,Miami,1991-04-04,Mumbai,19:28,0.34578639861695615,0.0,0.0706145240589584,0.8643549610042855,0.39831269821591053,0.7650940799265602,0.6897509665217362,0.22885886499045954,0.6828882826428759,0.6385392957626064,0.5363764265966775,0.6852670483737437,0.5184837275619576,0.2854621523545914,1.0,0.6014289811057939
81,Noah G.,35,M,Austin,"basketball, boardgames, gaming",dark,pop,extrovert,high,live music,M,32,38,Austin,1988-04-11,Mumbai,06:07,0.1964628281266767,0.19170194367334525,0.5221818401898135,0.7706645447459832,0.6955278714644733,0.6401670978641445,0.8038557978893498,0.6114859928383563,0.6202131206470178,0.4955915664210722,0.14786873657533356,0.30078831960978136,0.3778866173452142,0.64513803007141,0.5823953097221009,0.4460005313643462
82,Camila O.,38,F,Los Angeles,"cooking, fitness, hiking, travel",dark,classical,ambivert,high,club,M,34,42,Los Angeles,1985-10-05,Mumbai,16:24,0.9634171649572714,0.5381797248306812,0.512613769407486,0.5522828466967474,0.6967248085694138,0.801048450247177,0.6331406663600403,0.30301896115528343,0.19159091534620842,0.3064569854219102,0.0,0.0,0.1168681507765642,0.38254460225562803,0.678151031247356,0.0
83,Alex O.,22,NB,Dallas,"bbq, coffee, comedy, fitness",wholesome,rock,ambivert,low,day hike,any,21,25,Dallas,2002-09-30,Delhi,,0.3239580611775046,0.3284145064153406,0.17849310938923368,0.6107964261515202,0.7178939835011875,0.3253017348054569,0.23739994935957986,0.13241874410116788,0.9642408740522541,0.24141707295577053,0.8862554557901824,0.530230133177994,0.5661086829023474,0.6463001919396094,0.3733530678242913,0.7786003989024719
84,Cameron A.,37,NB,Seattle,"art, gaming, yoga",wholesome,metal,introvert,high,art museum,any,33,41,Seattle,1986-07-02,Bengaluru,,0.4219521954924107,0.5662173095538819,0.6505273304844446,0.1531480142910183,0.5966456888280736,0.7095831350652806,0.13988374051925517,0.47546715486554486,0.5948740057501903,0.0,0.6796596278418984,0.7670547276172939,1.0,0.3183851812583621,0.3091622628941046,0.7069107954552053
85,Lucas E.,22,M,Washington,"books, cinema, comedy, hiking",wholesome,jazz,ambivert,medium,trail walk,F,21,25,Washington,2002-10-08,Mumbai,,0.5532134208980964,0.7505864208225046,0.1352998098672193,0.5548368206967667,0.5729144929698279,0.5574995912096584,0.15059546550340366,0.343536160086417,0.33274263912830726,0.0972046872754741,0.8172186330489675,0.07908510384995121,1.0,0.5874602107163146,0.7643069650082517,0.47895395776972954
86,James J.,21,M,Atlanta,"beach, gaming",dark,indie,ambivert,low,escape room,F,21,25,Atlanta,2002-10-08,Hyderabad,22:44,0.5942245838656386,0.9221197403193827,0.0,0.601344827764181,0.25025794242277705,0.3475838829160925,0.7031826055054121,0.8290002657373975,0.0,0.8153162508317255,0.9849170503517117,0.952012034422735,0.5429259969719434,0.0,1.0,0.43632063247206615
87,Liam L.,32,M,Dallas,"bbq, comedy, yoga",wholesome,edm,ambivert,low,club,any,28,36,Dallas,1991-12-03,Hyderabad,,1.0,0.46198138696643193,0.03201030067188698,0.5912316560260582,0.3546249890940819,0.32870042318704384,0.22936963730072293,0.7479866992773778,0.7194196778862237,0.43266397398312045,0.7628683460041064,1.0,0.3519003896980804,0.7196339385950687,0.5453804621609761,0.8863405408017024
88,Mila U.,29,F,Seattle,"climbing, cooking, tech",wholesome,edm,extrovert,high,movie night,M,25,33,Seattle,1995-07-03,Chennai,,0.532794887836895,0.4599544397386689,0.371768440112123,0.8339345178767139,0.6370701271899271,0.5892428735267802,0.29898701212451434,0.02557083962454182,0.44989764331638643,0.5095208194933439,0.9079276472287072,0.8441203258164517,0.8409726938830713,0.9564490628846933,0.6576341886593817,0.5936300822268732
89,Matthew H.,37,M,Washington,"boardgames, music",wholesome,rap,ambivert,medium,tea house,any,32,42,Washington,1986-05-31,Mumbai,04:29,0.8009123571244328,0.4905497432389901,1.0,0.5989406669173117,0.3840908180058612,0.5382872817444906,0.2657179788434006,0.30473258409369375,0.9360149061341454,0.9275110543068603,0.0,0.3671644515190745,0.45426973062309184,0.7980664651277284,0.8769610679902673,0.5415632035317798
90,Nora E.,26,F,San Francisco,"beach, cinema, gaming, hiking",wholesome,rock,introvert,low,bookstore,M,21,31,San Francisco,1997-09-13,Mumbai,15:15,0.31255621667421984,0.41886370076085855,0.3051603805045038,0.26444287592046467,0.7460794226847589,0.44540714629698874,0.2074772442017247,0.0,0.6400639937600445,0.08373269848379128,0.40512875410844346,0.031963554313364145,0.7808327007926628,0.6095889068674977,1.0,0.08169267317172574
91,David R.,23,M,Los Angeles,"bbq, climbing, photography, tech",dark,rap,extrovert,low,movie night,F,21,26,Los Angeles,2000-08-06,Bengaluru,,0.5582046739694062,0.9956793566591571,0.6339077718468036,0.7750518382627904,0.7501475900514503,0.46042707806071764,0.7665411697912097,0.9392135786024302,0.7996128309718424,0.141927406298492,0.5332761551657141,0.29670892009146166,0.5426675748507976,0.0,0.7102131599754287,0.013806497235989035
92,Sawyer P.,22,NB,Seattle,"beach, climbing, music, photography",dark,jazz,extrovert,low,poetry night,any,21,27,Seattle,2002-04-17,Bengaluru,11:04,0.8378893096279233,0.32134442600829055,0.8319543125767621,0.8056707107609964,0.746641555388883,0.2643908115079666,0.8161279702079378,0.4121022285001502,0.8115396956315298,0.7804106773263882,0.06965706199066449,0.9516182181138848,0.8796183019593428,0.014532689318051517,0.31418131558706835,1.0
93,Casey G.,22,NB,Philadelphia,"art, comedy, gaming, tech",wholesome,rock,ambivert,medium,live music,any,21,27,Philadelphia,2001-11-24,Philadelphia,,0.7012610796301808,0.28381916415290176,0.0,0.5279156810443836,0.6313813598532299,0.5761860749688396,0.20498575627624765,0.5743143137429103,0.7638696054184493,0.5165062190338177,0.22169203958006045,0.5760331417140812,0.0,0.23385554116013124,0.651775096870648,0.9557937037767965
94,Luke Y.,35,M,Seattle,"beach, tech",dark,edm,extrovert,high,gallery opening,M,29,41,Seattle,1989-03-15,Seattle,11:25,0.7008815588308,0.5468029120431916,0.31726512813152025,0.762128200312603,0.6861118433156803,0.6215405094551066,0.7965919576337712,0.5342498339385356,0.14067121085182255,0.0,0.5152964267796398,0.08478992841872757,0.14844508323208683,0.0,0.6527489592251075,1.0
95,Aiden S.,36,M,Austin,"beach, music, photography, tech",wholesome,edm,ambivert,low,movie night,F,30,42,Austin,1988-02-16,Delhi,20:51,0.6635356363904835,0.16796992441919711,0.43674150916835675,0.47462439768054654,0.35876356196659287,0.3218695075619804,0.20635055430848653,0.8891390793717762,0.6644695135247485,0.9289400981292569,0.0040664947774373406,0.39855397553604394,0.17513978583262452,0.7363000619747878,1.0,0.35657429982583083
96,Jackson E.,27,M,Washington,"climbing, gaming, poetry",wholesome,pop,introvert,low,coffee walk,F,21,33,Washington,1997-02-13,Chennai,22:38,1.0,0.4088691699552903,0.7509002556147434,0.23929686539246628,0.673888532025739,0.3941777645951885,0.2904921133722339,0.29642947877876524,0.7117591637330463,0.4167398676431485,0.7097756130676698,0.7460303017604397,1.0,0.28959010177759137,0.5893991600199288,0.3236290135790648
97,Matthew K.,38,M,New York,"basketball, beach, comedy, photography",dark,metal,ambivert,medium,arcade,F,33,42,Any,1985-02-01,Kolkata,,0.3458387824250146,0.883485982967607,0.036321754461921596,0.4371073853862297,0.057372054618072654,0.5330179199587404,0.7356444020140155,0.22967592294150457,0.6132570242384613,0.6645922440656721,0.6917259808233484,1.0,0.09348887476681944,0.40543536460830526,0.15171926386111217,1.0
98,Jacob B.,29,M,Austin,"beach, cooking",dark,classical,ambivert,medium,escape room,any,25,33,Austin,1994-08-31,Kolkata,00:18,0.8965149002262316,0.9555510389345934,0.40748687993205585,0.4326599181745958,0.9152551830599502,0.4263390875471385,0.6979912845824291,0.1908827573496849,0.5550443728736285,0.8896789852152084,0.40567970188311236,0.4515736004236866,0.20848418563318705,0.8718155596349189,0.0,0.07147260678119505
99,Ava B.,40,F,Denver,"books, tech",wholesome,jazz,extrovert,high,museum,any,36,42,Any,1984-05-09,Hyderabad,20:29,0.6993817509498086,0.669018294608362,0.6639229858258483,0.7157250261059975,0.7067853517498197,0.8038944936475199,0.28368046462691004,0.4356079046208535,0.994767429204656,0.17367654674158572,0.3050969943358323,0.30438939837899887,1.0,0.0,0.42170237000202715,0.6837894880576849
100,Camila K.,33,F,New York,"basketball, boardgames, books, poetry",wholesome,indie,ambivert,high,karaoke,M,28,38,New York,1990-07-25,Hyderabad,,0.8111816097600739,0.05624039692769511,0.8551836327599804,0.3902754880288384,0.198765571713867,0.7737048893937765,0.15836490609349876,0.16453724613789017,0.7501949254940143,0.3249361397564018,0.5864849587659958,0.08732385917591856,0.3280949076910052,0.8038346587994886,0.7180592359601657,0.22872157223765388
101,Theodore R.,25,M,Miami,"climbing, coffee",dark,indie,ambivert,high,live music,F,21,29,Miami,1999-06-07,Miami,,0.8124371835985398,0.254439852249614,0.17116612625605332,0.4702714534598499,0.5242167823158568,0.7911104658013,0.6678608787339275,0.7116192613420236,0.6004053198716646,0.0,0.0,0.4284234090919002,0.09000725916281657,0.011192892447609598,0.36200832799583366,0.8703690634282798
102,Mila C.,39,F,Los Angeles,"basketball, climbing, hiking, travel",dark,classical,ambivert,low,arcade,M,36,42,Los Angeles,1984-11-09,Los Angeles,09:22,0.45341211219097255,0.48386497673114554,1.0,0.5035768922258588,0.6334462678269446,0.28647195945036963,0.6470062796385512,0.3554864337026182,0.9099932743624384,0.413363417208284,0.0,0.060418820643785676,0.8508671064689641,0.21580028748190117,0.07487296335692628,0.0
103,Daniel G.,31,M,Miami,"photography, yoga",wholesome,rap,extrovert,medium,day hike,F,27,35,Miami,1992-01-28,Miami,,0.900881639989242,0.16917307263708997,0.7990338862635867,0.8566829261885854,0.24253808240066532,0.4585510273592151,0.18919700249641794,0.0773469216544308,0.7238401090109495,0.8723464933501294,0.41348938086964904,1.0,0.3006585905310318,0.7866120010023161,0.7937742870386446,0.4171815311265742
104,Mateo E.,39,M,New York,"basketball, cinema, coffee, comedy",wholesome,jazz,extrovert,medium,brewery,any,36,42,New York,1985-02-12,Mumbai,13:13,0.010186258717202468,0.40207790142677546,0.36268491272715697,0.6931548020507154,0.46193478084737494,0.5419167119812796,0.35687733514905706,0.7121109891506908,0.5443371691161412,0.6028018061685009,0.7931781233050139,0.0,0.5374466766830959,0.7191223584079535,0.5362672690819077,1.0
105,Elijah M.,32,M,Philadelphia,"cinema, fitness",wholesome,rock,extrovert,high,karaoke,F,27,37,Philadelphia,1992-11-28,Kolkata,22:13,0.9097050404569436,0.5592236393177983,0.4573234472164059,0.7290214780342954,0.6249609976326852,0.5854456644532133,0.35850514404882705,0.8706382279458277,0.47212973957600474,0.9800737542906508,0.6961424768028373,0.6363642313031581,0.19796959512658013,0.7044248910415609,0.0,0.0
106,Luke E.,36,M,Dallas,"art, beach, gaming, travel",wholesome,indie,introvert,high,coffee walk,F,31,41,Dallas,1987-09-06,Hyderabad,,0.5232729675449855,0.8062208146271348,0.48005562817857855,0.18762298322892174,0.4954545184831402,0.7080743097690816,0.3641117629336076,0.18197989376604645,0.5864470070312187,0.9509378455033364,0.5912101082222758,0.4131811576420586,0.5390583536231355,0.1927653604894051,0.8064663501445601,0.7667890918820796
107,Mila P.,25,F,Philadelphia,"art, climbing, music",dark,edm,ambivert,medium,karaoke,any,21,29,Any,1998-06-23,Hyderabad,,0.14688591562210973,0.0,0.4497408711050489,0.4869382498400838,0.7224583029581544,0.4317668373486757,0.7646479226725077,0.29326038364832946,0.8163414629792132,0.9124936746690984,0.5523684850395061,0.2451844132577652,0.6053011838334235,0.6725480591921661,0.09342709290699186,0.22977141989670102
108,Sofia J.,26,F,Phoenix,"books, cinema, climbing, hiking",wholesome,edm,ambivert,high,art crawl,M,21,32,Phoenix,1997-11-24,Phoenix,,0.681962049028797,0.5373999717416365,0.11506813769013896,0.5884030203662721,0.7082735296002346,0.6942497711913443,0.2807190513954988,0.0,1.0,0.5648289525786414,0.8429805889376432,0.6045924148981623,0.016363059634518562,0.5738168066399203,0.21406417053898436,0.6204105238774941
109,Madison X.,39,F,New York,"coffee, cooking, hiking",wholesome,metal,ambivert,high,trail walk,M,36,42,New York,1984-11-21,New York,,0.30762359555834534,0.9446369155728487,0.5763909361276296,0.5077029568777331,0.5341900208980134,0.7615136184738521,0.26226707882094064,0.4458466878769909,0.7740355315645029,0.02380011160522766,0.3639536099583248,0.5867858783805731,0.0,0.03416357270358189,0.965113748404733,0.8468078766773421
110,Oliver D.,25,M,New York,"cinema, climbing, fitness, gaming",dark,metal,introvert,high,barcade,F,22,28,New York,1999-12-19,Delhi,,0.9359926111481773,0.5300570043226398,0.009359348037039583,0.09640088933546367,0.658651622124757,0.7631785679113584,0.8267007611598974,0.007809243502591379,0.0,0.6543538000144519,0.3023848160781117,0.0,0.6126234092646832,0.49107331666477727,1.0,0.6159019662735143
111,Alexander F.,38,M,New York,"comedy, travel",dark,metal,extrovert,high,arcade,F,35,41,New York,1985-07-14,Kolkata,,0.4036131288854598,0.0,0.2932765775365105,0.7761498290807672,0.0,0.6044133175756313,0.771733735759683,0.942552569334315,0.428269486116317,0.6686366583557868,0.2742441220299637,0.5831554618444057,0.478531278798589,0.2547515042865077,0.5331873083753405,0.0
112,Avery C.,32,NB,Denver,"boardgames, tech, travel",wholesome,jazz,extrovert,medium,art museum,any,27,37,Any,1991-07-02,Kolkata,15:32,0.6378968716471966,0.0,0.5742963999231427,0.7720711704196612,0.0,0.47032077510813974,0.20549420747674874,0.22591670808711772,0.0,0.9121530116741463,0.6138904678982464,0.65624344945532,0.1678346636006762,0.8876443322832228,0.6715396088241923,0.6793699007601002
113,Scarlett V.,30,F,Boston,"boardgames, climbing, gaming, poetry",dark,rock,extrovert,high,brewery,F,24,36,Boston,1994-09-17,Bengaluru,,1.0,0.6394335369552171,0.037370975432560016,0.8470300343090891,0.6170902371162654,0.8165835475620883,0.7711174160639699,0.2595626759462303,0.6633212780289803,0.33646362589211604,0.8387650780211127,0.0,0.04942145118735225,0.3026624696853628,0.9041981647262641,0.7613811763630359
114,John P.,24,M,Denver,"basketball, comedy, photography",wholesome,edm,ambivert,medium,day hike,F,21,27,Any,2000-05-27,Bengaluru,12:51,0.37161879240972484,0.29846996564137024,0.0,0.5274613514890217,0.301111862327872,0.4840938763641761,0.314588599634473,0.4568790320416426,0.7198349328188934,0.5969010391705138,0.5718027254648538,0.14060230953677288,0.9088157839034581,0.4902230497833416,0.7225851990197938,0.9567945266014817
115,Levi G.,32,M,Philadelphia,"climbing, gaming, yoga",dark,jazz,ambivert,low,coffee walk,F,26,38,Philadelphia,1991-11-27,Hyderabad,12:15,0.0,0.44192390429503536,0.5000547072303162,0.5562752977018032,0.7486944748023594,0.35526981412926395,0.8539045073759126,0.3874978323998543,0.9552920698509682,0.2356591432782304,0.14488938519874406,1.0,0.3250673986954724,0.4116143787194518,1.0,0.0
116,Finley I.,36,NB,Chicago,"cinema, photography, tech",dark,jazz,extrovert,high,dance night,any,32,40,Chicago,1988-04-19,Chicago,,0.5270750983126218,0.41518157089680874,0.8386048573285964,0.8983493839992547,1.0,0.8147182850562215,0.7243141363755,0.30115730604928154,0.6266601070036474,0.9267324002962165,0.8639640817077192,0.2713125711962358,0.5843586687692934,0.550205277758137,0.34222552982523896,0.7907297480637018
117,Lucas J.,27,M,Boston,"bbq, coffee, photography, poetry",wholesome,classical,ambivert,high,local show,any,22,32,Any,1997-03-24,Kolkata,,0.5584094888729807,0.44378873713122735,0.8523953665689392,0.4744386032993615,0.5280642544677454,0.7803229723292733,0.22055680682317702,0.0,0.721117168421642,0.42723633998139915,0.5402058479289618,0.9103121608973921,0.6536117247609796,0.22929127502089758,0.1966588327193773,0.0049586886437980315
118,Olivia R.,40,F,Miami,"beach, travel",dark,pop,introvert,medium,movie night,M,35,42,Miami,1984-03-28,Miami,,0.6796786650259292,0.8922137679505299,0.4447174521449163,0.24484458782473384,1.0,0.5500287599980073,0.80120062777429,0.8972072564811999,0.3892804357433763,0.3634454522717594,0.020058629024401392,0.3324076079284521,0.8291108786915228,0.6591655529937056,0.0,0.4390601144204437
119,Henry C.,24,M,San Francisco,"photography, yoga",dark,metal,extrovert,high,movie night,M,21,27,San Francisco,1999-06-04,San Francisco,04:57,0.6078525345679247,0.26253968526102883,1.0,0.7156689936898359,0.3155012413052712,0.5886069395606175,0.6851665309366131,0.9834980584484039,0.628067189075548,0.9446953278852246,0.6198186832435465,0.5486134017613951,0.6122819589945234,0.5544342613477671,0.9474853478733012,0.5301534962158021
120,Daniel D.,36,M,San Francisco,"basketball, beach, fitness, music",dark,rock,extrovert,low,board games,F,32,40,Any,1988-03-27,San Francisco,18:57,0.49057537269447615,0.700479990893875,0.5751889379370152,0.8712880311652871,0.740467388876477,0.4371869225180427,0.6610368476117257,0.631047375210154,0.0001929218265599164,0.0050144104621019925,0.6956197063026772,0.4899478011706775,0.5556624560629402,0.11726591308944173,0.721553033320923,1.0
121,Layla B.,23,F,Washington,"bbq, boardgames",wholesome,rap,ambivert,low,bookstore,any,21,27,Washington,2000-05-25,Hyderabad,,0.4792069133390496,0.9889091699750272,0.9658424359838212,0.45209438112128947,0.18737958376427766,0.39423534495157647,0.36620469593010496,0.04374415906583701,0.18004953171559668,0.38645473309069833,0.79730453356996,0.7650064024029085,0.972036050649457,0.6156139459041227,0.06490160489914065,0.26010994608532273
122,Amelia Q.,34,F,Los Angeles,"books, music",wholesome,rock,extrovert,medium,local show,M,29,39,Los Angeles,1990-09-15,Hyderabad,05:50,0.1179825370763618,0.3093437734162709,0.34997254869642225,0.8456704050453346,0.482855028008183,0.45263759807521425,0.22479933703775534,0.8094610433114826,0.6354141900963195,0.23788424473163128,0.0,0.5922036119045165,1.0,0.5939209364920213,0.9028525097905051,0.46501066884806186
123,Olivia G.,24,F,New York,"art, basketball, travel",wholesome,rap,ambivert,high,club,M,21,29,Any,2000-08-30,Mumbai,,0.2739811033453102,0.9467603899301849,0.9109322070709918,0.48011298994268287,0.564391840935077,0.6987493120837748,0.24360111317087543,0.9908632490254936,0.8316893428106155,0.28327243981380335,0.5407245259592252,0.7186960434788825,0.8094301343469147,0.7312756141432857,0.31151463768151966,0.2992368866266983
124,Camila N.,21,F,Boston,"basketball, fitness, travel",dark,rap,extrovert,low,museum,any,21,26,Any,2002-03-09,Boston,12:26,0.9369451219789466,0.9121682304415886,1.0,0.7616778113571748,0.7633140941493712,0.24120232600586688,0.7152578343797455,0.7122447031683454,0.12931165820969054,0.0,0.7951324318868274,0.35537467815273843,0.6136394753125922,0.02203786377695438,0.38997574123650125,0.07878892334225016
125,Isabella W.,37,F,Austin,"beach, cinema",wholesome,rock,extrovert,high,board games,any,34,40,Austin,1987-11-19,Delhi,05:46,0.25703373376535,0.6454277531853811,0.18755002150340278,0.6871431024835921,0.812060168263855,0.5823876912312967,0.16494023341563677,0.34433370671805263,0.008695676141496467,0.6712312563707892,0.4559619836313652,0.7065404966621079,0.4092432111150624,0.35899501038237813,0.6701873515660592,0.7116719681653587
126,Oliver C.,31,M,Atlanta,"boardgames, coffee, cooking, poetry",wholesome,pop,extrovert,low,coffee walk,any,26,36,Atlanta,1992-06-09,Atlanta,,0.29645578612721823,1.0,0.2692691935332655,0.8543622191359029,0.7705196667409999,0.2565060574984303,0.36686912805785166,0.023713515749134273,0.5679837215876209,0.5156556099068927,0.8622806852238694,0.12389107867347482,0.6755636596837653,0.0,0.8521008602913227,0.4058344514265226
127,Grace Q.,32,F,Austin,"beach, tech",dark,indie,ambivert,medium,dance night,any,28,36,Austin,1991-12-08,Austin,21:08,0.5637927616881557,0.14434150915665933,0.7760746796405684,0.5490859243509509,0.908702998406618,0.4083339578410459,0.8371851978227038,0.3677406168294411,0.5791992778937128,0.4558144845219969,0.2629900929792259,0.3874701679492182,0.9247602476689979,1.0,0.0,0.4887816804538062
128,Samuel F.,38,M,Dallas,"cinema, poetry",wholesome,rock,ambivert,high,barcade,F,34,42,Dallas,1985-07-11,Chennai,,0.31314489167864873,0.6838493614286392,0.17525334371928925,0.3909967314447394,0.03060813346145491,0.6863430888698925,0.29090652148135276,0.3550683764301009,0.6332125298215072,0.6133692299044164,0.22039844379816614,0.8620112279010879,0.2857010845949896,0.1641772389301136,0.5559305470386273,0.8036431470512881
129,Mia W.,21,F,Los Angeles,"books, music",wholesome,indie,extrovert,high,day hike,F,21,24,Los Angeles,2003-01-10,Delhi,,0.9382111995417557,0.6283820838091839,0.5479335402977986,0.8786579356780675,0.0,0.6286142699234896,0.15903190324046274,0.0,0.0,0.009331663406201507,0.2511600789377828,0.23787630524924191,0.04159341163514707,0.0,0.26773515103956425,0.2495256857788622
130,Mateo H.,36,M,Houston,"bbq, coffee, photography, tech",dark,jazz,introvert,medium,bookstore,F,32,40,Any,1988-05-17,Kolkata,07:48,0.54189508048834,0.24866039481636124,0.1653877522538399,0.21513957870591024,0.6644904497366602,0.47487317627387515,0.7021532036478193,0.15234263635708617,0.5868930894818114,0.5724985372534979,0.26064702133284084,0.5409069107758723,0.7675798302854814,0.4307420847571727,0.5913562194218558,0.18899449767075377
131,Henry N.,27,M,Houston,"bbq, beach, photography",dark,rap,extrovert,medium,art crawl,F,22,32,Houston,1997-11-27,Houston,00:57,0.0,0.6736846202406881,0.4246513641278752,0.8740194786509446,0.6744560680992276,0.6152285888680374,0.6830754433290802,0.8978648968730967,0.8401889518566411,1.0,0.7586538202021039,0.18627515586461446,0.15524996991000883,0.8667536097315973,0.5241047830268809,0.8914227589618401
132,Ella W.,40,F,Denver,"boardgames, travel",wholesome,edm,extrovert,high,brewery,M,36,42,Denver,1984-02-03,Hyderabad,,0.3015664551172463,0.24181315092997546,0.5973636372605582,0.6996341363431784,0.712750725793901,0.5860892653291189,0.267236708058726,0.9068108205729559,0.3151183951471697,0.7296120575701228,0.38213968152325484,0.3834698334778015,0.9893031796529652,0.09130802451073777,0.3893789673012157,0.0
133,Aiden N.,23,M,Miami,"cooking, gaming, photography",wholesome,rock,introvert,medium,local show,any,21,28,Any,2001-02-25,Bengaluru,10:33,1.0,0.847489405148345,0.8393078249956999,0.2286153330229722,0.0,0.6050203645392229,0.211507953973272,0.884266829753372,0.7848787412627907,0.1723289335914071,0.4362081137460524,0.1389536348884124,0.5918305481214645,0.6954102721950388,0.0,1.0
134,Ethan S.,27,M,Austin,"art, books",wholesome,pop,extrovert,high,art museum,F,21,33,Any,1996-04-05,Mumbai,,0.2731757349699567,1.0,0.5423213862504968,0.7804868692075355,0.2144146038440454,0.6890325025488832,0.168947196790304,0.061582366592419224,0.7867574160781718,0.23930541820617438,0.4454720345237219,0.6901949612946593,0.7847290850492541,1.0,0.3781918837999315,1.0
135,Amelia A.,28,F,Miami,"basketball, cinema, travel, yoga",dark,jazz,introvert,medium,arcade,any,25,31,Miami,1996-07-02,Mumbai,,0.5192088659540957,0.8286543070664676,0.7947829972831947,0.29185354934481766,0.06656956466084088,0.42551387046280137,0.6613907232193317,0.022502736175396998,0.6137918569505663,0.8858761120885275,0.16452570646373574,0.3779880711871578,0.17516614217762475,0.7063404394367245,0.5834346205644048,0.4820381339791183
136,Aiden L.,31,M,Phoenix,"coffee, hiking, travel",dark,pop,ambivert,low,live music,F,26,36,Any,1992-04-17,Phoenix,21:39,0.0700413242005038,0.8383509765051591,0.5083111828982942,0.4916607466559328,0.6402652966212607,0.33226456245985836,0.779070196753217,0.9715747965907069,0.0,0.42090145493083303,0.2794993972302036,0.9315311616019052,0.8599633201595331,0.3311501632312876,0.0507313386078212,0.4019522864733883
137,Layla P.,31,F,Portland,"art, beach, cooking, yoga",dark,rock,ambivert,low,barcade,any,28,34,Any,1993-02-20,Bengaluru,,0.01829439058022367,0.21087064219378257,0.9256883775871381,0.5534024843234975,1.0,0.42005957320787163,0.7407362729441993,0.4928594655530502,0.6439224500487781,0.4537307521443438,0.6385109037484625,0.6693432953966254,0.08778431417057822,0.37640854753003183,0.48393346209768473,0.9405474277873205
138,Riley W.,34,F,Denver,"art, beach, fitness, music",wholesome,pop,ambivert,high,bookstore,M,29,39,Denver,1989-08-06,Chennai,22:34,0.3518102596701935,0.2869028235870921,0.4254807362353336,0.5058549673616518,0.5980316211127654,0.6684765437576741,0.23911928485176534,0.0,0.5533141266669908,1.0,0.10749966022245139,0.4814671946476568,0.888493175671939,0.0,0.8428817788756275,0.08055561355338511
139,Morgan F.,24,NB,Seattle,"basketball, boardgames, books, travel",wholesome,rap,ambivert,medium,gallery opening,any,21,28,Seattle,1999-10-28,Hyderabad,08:12,0.0,0.003512191679267418,0.8230797353697941,0.5307399687845782,0.5058842114072019,0.599911120057244,0.20005350172517944,0.827305299923178,0.3652652344491193,0.6150605373000766,0.4891135897503793,0.7079408441698223,0.7208996867998931,0.5047460564577655,0.7895045159383829,0.7348053581078777
140,Samuel G.,36,M,Phoenix,"books, fitness",wholesome,metal,ambivert,medium,arcade,F,33,39,Phoenix,1988-11-23,Hyderabad,,0.28326281651423363,0.0,0.3760654960942632,0.3914614453968426,0.6987619825819368,0.5054898714560488,0.2823496988025519,0.3382728645605162,0.3644640414523241,0.4133305197730802,0.26901927269371995,0.27128866714044453,0.0,0.24742212808199554,0.9500248956640907,0.49753369118431146
141,Elijah M.,30,M,Philadelphia,"art, cinema",wholesome,jazz,introvert,low,concert,any,26,34,Philadelphia,1993-01-15,Philadelphia,,0.29352149306135183,0.4499394865088698,0.9951945650119358,0.315944598300113,0.1802903071185551,0.3586835672699089,0.15443526156997284,0.8050565902277238,0.8471593862523672,0.16074926057729538,0.2918836225657283,0.3644522185983184,0.2550672190266569,0.571332972126251,0.0,0.36085570653744586
142,William I.,24,M,Atlanta,"climbing, cooking, hiking, photography",dark,rock,ambivert,low,movie night,any,21,30,Atlanta,2000-09-14,Mumbai,,0.8544163304073715,0.45159659902375215,0.8291054806946181,0.5449639612965786,0.5964910973240707,0.3759351674426301,0.802680532733996,1.0,0.6644457761678216,0.7998984009827327,0.8074133622699662,0.5211194877553067,0.23185423961828572,0.1766196628378247,0.7832909867516225,0.5140088488850546
143,Olivia C.,36,F,Chicago,"climbing, coffee, travel",wholesome,rock,introvert,high,club,any,32,40,Chicago,1988-08-06,Chicago,,0.5686287406976992,0.025817163197038,0.2543156054396727,0.09726551592332269,0.5464173367235033,0.6926220354957265,0.16279752382313614,0.6462494169879891,0.9520867491374385,0.5054452474352591,0.5938446378509477,1.0,0.38686258695206754,0.5810232684311974,0.43581309822039843,0.43876209892815865
144,Olivia Q.,32,F,San Diego,"boardgames, fitness, hiking, poetry",dark,edm,extrovert,high,farmer's market,M,29,35,Any,1992-07-16,San Diego,,1.0,0.9222168218078699,0.47405576708004965,0.6992835960123606,0.628061441897313,0.790241480033895,0.8483877954283177,0.48534966138607305,0.5997470822105174,0.21114566277424357,0.7326856556060859,0.2944198800117989,0.4594611156651253,0.0,0.6422181066534146,0.9905571261551813
145,Levi R.,33,M,Los Angeles,"books, climbing, fitness, tech",dark,rap,extrovert,medium,gallery opening,F,29,37,Any,1991-02-19,Hyderabad,,0.5633205075316158,0.23679037090707636,0.0,0.8396773467942097,0.7375359609885408,0.3900462426486764,0.8194097202794889,0.48165310770806574,0.8360538168616207,0.6784886728632349,0.38431952105463657,0.0,0.0,0.22589674056753406,0.4662375400769936,0.5392089900086423
146,Madison Y.,29,F,San Diego,"cinema, fitness, photography, poetry",dark,metal,introvert,medium,food trucks,M,26,32,Any,1994-02-21,Hyderabad,,1.0,0.0,0.8012665025817327,0.1041093732135494,0.7609576169849659,0.5257217142493908,0.7223660504112177,0.903235881366719,0.7635825920324655,1.0,0.8425706833013065,0.22428033833848027,0.9155808617279967,0.6117848097295042,0.9271507615072084,0.778038847448093
147,John W.,37,M,San Francisco,"basketball, books, gaming",dark,pop,ambivert,low,brewery,M,33,41,San Francisco,1987-12-04,Mumbai,,0.5119063227372158,1.0,0.5985344448079379,0.5577394925216445,0.6713697498283318,0.4087082605517047,0.8549305561569149,0.9149489124647143,1.0,0.6870713447824306,0.507475962906687,0.6649927907986929,0.6792421695949933,1.0,0.0,0.0
148,Emily E.,31,F,Washington,"coffee, gaming",wholesome,jazz,ambivert,medium,karaoke,M,27,35,Washington,1993-02-24,Kolkata,10:09,0.6942420918138317,0.32689279148953687,0.017461053199975318,0.451784426542025,0.5483576108686252,0.5989703294906346,0.325602918850035,0.8920524358264499,0.46050011013226666,0.5713925267023268,0.24493869528941448,0.2827620175052623,1.0,0.36650707820018513,1.0,0.9932160744263929
149,Olivia R.,33,F,Atlanta,"basketball, boardgames, fitness, music",wholesome,edm,ambivert,high,day hike,F,27,39,Atlanta,1990-10-25,Atlanta,,0.8170198335059511,0.7009284306036757,0.43134877138290145,0.47519475130193095,0.5517461009013584,0.7230773150108254,0.20264550630089778,1.0,0.6661761194964109,0.48037901667692723,0.0,0.7409136728280494,0.1266079527909713,0.2987786827625972,0.2820985724729965,0.01628252847869749
150,Joseph W.,23,M,Philadelphia,"art, bbq, beach, fitness",wholesome,rock,introvert,low,brewery,F,21,27,Philadelphia,2000-05-20,Mumbai,05:24,0.5709494666874138,0.47651033828783934,0.0,0.2149990902961978,0.6518444932220383,0.2384012670837825,0.33434802547645937,0.4999039319620879,0.8439785304472978,0.564521289645177,1.0,0.7060008021781454,0.40706514044411685,0.7350295516536424,0.0,0.0029560573796409417
151,Scarlett F.,34,F,New York,"coffee, comedy, gaming",dark,classical,introvert,high,brewery,F,29,39,New York,1990-12-19,Mumbai,,0.06789918881146925,1.0,0.4317683674927093,0.08621836715462988,0.36692853832188377,0.5986059032740447,0.7748657391920644,0.0,0.5420525865714675,0.2782391472272858,1.0,0.5123793860840663,0.46653309130895737,0.8834750235814846,0.21178131857055427,0.952625270300725
152,Sophia V.,38,F,Phoenix,"books, photography",dark,metal,ambivert,low,dance night,M,35,41,Phoenix,1986-07-13,Phoenix,03:11,0.7517828279156769,0.7729059481256784,0.004880684235941096,0.5427716540253812,0.030493658374317584,0.33986878189403624,0.7303784996988536,0.9127721259154178,0.6816880024662157,0.8236118997316594,0.4477467427646419,0.8145919457589103,0.4431650202993211,0.42798271750763905,1.0,0.5366675947380766
153,Sofia Q.,30,F,Portland,"books, comedy, gaming, yoga",dark,jazz,ambivert,low,coffee walk,M,26,34,Any,1994-10-22,Hyderabad,,1.0,0.27973269385514027,0.9364979143974244,0.4680922249068181,0.7911863634795153,0.31478996804800674,0.6619965121394714,0.5357715738893547,0.4455738034277593,0.6415937936873444,0.9134494844443084,1.0,0.4094916907967458,0.24977144725144418,1.0,0.7086871360998004
154,Ella M.,26,F,Dallas,"photography, yoga",wholesome,edm,ambivert,medium,barcade,M,23,29,Any,1997-04-22,Dallas,20:32,0.546984863688547,0.5337061956636978,0.4017128993647649,0.46489706649856166,0.056985391058005874,0.4662168190781646,0.2341504371270124,0.24289238687606426,0.8111542210934,0.11628994135003817,0.24961046814567184,0.1633105285114374,0.25628983452775866,0.3691083527961104,0.07183823423934749,0.6364580416923862
155,Charlotte J.,22,F,Seattle,"coffee, cooking, photography, poetry",wholesome,classical,extrovert,medium,board games,M,21,28,Any,2002-06-16,Seattle,12:32,0.871130477111034,0.6044899199507249,1.0,0.8266641065737992,0.12431155375605751,0.5851692603669099,0.17528055904963907,0.0,0.7386723726268347,0.4995198319796079,0.5413647134670607,0.05015083018859978,0.3841041903396671,0.6238258044396108,0.6435229807528284,0.24133892061222578
156,Sophia E.,33,F,San Francisco,"climbing, poetry, travel",wholesome,rap,introvert,low,tea house,M,28,38,Any,1991-04-24,Chennai,,0.15806612094079814,0.028200637084094038,1.0,0.10093548158501471,0.5123116804358991,0.3810940708087458,0.15552772426095973,0.5650663391624815,0.7305505375273995,0.10119931520885994,0.778724447971005,0.5486484964244165,0.5465898555377353,0.79627866518591,0.4476651397477186,0.326543276313416
157,Riley G.,35,NB,Austin,"music, photography",dark,classical,introvert,high,escape room,any,31,39,Austin,1988-10-13,Austin,14:40,0.9638353823058634,0.019110992529081272,0.9336539836747596,0.2498609651099071,0.4740667696392592,0.652818441127196,0.7560175685742521,0.6792114936675804,0.6161008983024142,0.770849349630121,0.6812180433182233,0.7198815491391564,0.08193399316880784,0.0,0.9242147577258772,0.7639114693931216
158,Sebastian D.,26,M,Miami,"music, yoga",dark,indie,extrovert,low,art museum,any,21,31,Any,1998-11-25,Miami,06:34,0.2053721383949897,0.9160140561061025,0.5924185686299441,0.7289404718548008,0.37261305581951204,0.43597312048595727,0.7811521586318009,0.4937691599012618,0.13328213214649307,0.11002904567603844,1.0,0.716822531475906,0.9555091736784265,0.33308295347250333,0.4280370953752548,0.3367427079522247
159,Sofia H.,34,F,Dallas,"basketball, books, cinema",wholesome,classical,introvert,low,day hike,M,30,38,Dallas,1990-06-08,Delhi,21:38,0.0,0.39940952651748407,0.5866213353762458,0.15377239823059377,0.4575173196939292,0.28851412604309706,0.24493801204177137,1.0,0.2942496217675526,0.5308155113389061,0.775077441284905,0.18439259098038857,0.7333233843681621,0.6036993297103699,0.2950331495563399,1.0
160,Henry U.,38,M,Austin,"coffee, tech",dark,rock,extrovert,medium,trail walk,F,34,42,Austin,1985-07-17,Hyderabad,,0.7333352118488866,0.8156770078681024,0.8967069969635018,0.869325470332227,0.8255550516414181,0.6147318610226684,0.8368113540406732,0.0,0.10828001123932118,0.14366335725241497,0.6611150797500018,0.7620156809099113,0.5122468546833039,0.2706437476968271,0.2283530832775941,1.0
161,Isabella M.,35,F,San Diego,"hiking, tech",dark,edm,introvert,low,art crawl,any,31,39,Any,1988-06-12,Chennai,13:38,0.7483465423239481,0.8945134617164224,0.19710390055767268,0.31323670434595663,0.5167596997626023,0.2881993780328107,0.8491089381356424,0.8424690525449251,0.5442091547271302,0.2992092930796498,0.05217933242584938,1.0,0.0,1.0,0.695828825351464,0.35612756584698374
162,Camila W.,25,F,Washington,"fitness, poetry",wholesome,rock,extrovert,high,farmer's market,M,21,29,Washington,1998-03-14,Mumbai,,0.7809649147357165,0.747276546273822,0.15658242082033658,0.8583523372623878,0.7467514896675849,0.5934392372707838,0.22609658173151687,0.7049584409803067,0.6676872875922033,0.3505631494568453,0.9208198697005961,0.5662393821851042,0.4556855092010209,0.4861849957536953,0.02698952321725301,0.6482041020170322
163,Cameron C.,35,NB,San Diego,"boardgames, cinema, cooking",wholesome,metal,extrovert,medium,day hike,any,32,38,San Diego,1988-01-15,Delhi,,0.12358562066030604,0.6419935079092778,0.6347247537914444,0.8207259688415749,1.0,0.44962865143040953,0.33448650307191896,0.6485963798830645,0.22609045153053722,0.2150666124291684,0.8872551456402515,1.0,0.04175177268106406,0.502053071594869,0.5976063280498338,0.5164425483512961
164,Sofia C.,23,F,Miami,"climbing, comedy, cooking",dark,classical,introvert,medium,barcade,M,21,29,Miami,2000-05-02,Kolkata,04:36,0.626303340888382,0.5902999570573281,0.8987391116474754,0.16801574381437168,0.6121049286801157,0.6084907900935032,0.8327605544769142,0.11686581072247643,0.3423505588404812,0.24190067181910246,0.4820210250345884,0.4345604292158667,0.16520629424330618,0.25499459456985546,0.6151397897365936,0.694530659504841
165,Levi O.,29,M,San Francisco,"music, yoga",wholesome,pop,introvert,medium,tea house,F,23,35,Any,1995-07-18,San Francisco,11:29,0.4895581512343911,0.5837611758436747,0.0,0.18150088358494304,0.37402667847799786,0.4222653485839211,0.19049710923854224,0.509880622053478,0.4816273788491413,0.7358419601179463,0.2543940837605339,1.0,0.24752040768679462,1.0,0.0403165636575957,0.17811257215475934
166,Evelyn M.,23,F,Los Angeles,"bbq, comedy, poetry, travel",wholesome,indie,introvert,medium,art crawl,any,21,28,Los Angeles,2000-08-02,Kolkata,05:44,0.6843426776709649,0.7641262873641912,0.7971760164301809,0.1250376661184599,0.3652597040739053,0.5658522549261469,0.2971470610131375,0.44163868730380423,0.7302830078696233,0.3892903710340371,0.8963840053514249,0.3961743170238869,1.0,0.9378428995260177,0.6859426053458835,0.183910496577933
167,Charlotte G.,39,F,New York,"art, fitness, gaming",dark,rock,extrovert,medium,coffee walk,any,33,42,New York,1984-10-04,Bengaluru,,0.13284397335869413,0.2338302467044282,0.4717008725322255,0.7926978181908456,0.6238804226547335,0.6122278644926867,0.6598657346080786,0.5682269863115048,0.824208795571209,0.40912262166769425,1.0,0.0661640862788413,0.3008149043209606,0.2422889737697536,0.19565729877228288,0.19841597399344058
168,Aiden Z.,33,M,New York,"comedy, gaming, yoga",dark,edm,ambivert,medium,food trucks,F,27,39,New York,1991-03-20,New York,16:52,0.6317280083969208,0.2137232195947919,0.46346343477014673,0.5648077355503228,0.12426633916310131,0.5283439142243431,0.6667316669723123,0.6699841180162138,0.11319113954691606,0.35698442146391496,0.0,0.5121410540498772,1.0,0.6327697792807645,0.0783572871962325,0.0
169,Oliver S.,33,M,New York,"beach, cooking, fitness",wholesome,rap,ambivert,low,club,any,27,39,Any,1991-05-21,Delhi,20:37,0.6334979577280272,0.700809619278762,0.0,0.3812034931630878,0.5364780832667171,0.2910802452443537,0.2552196533829513,0.5619269490614889,0.16224024379617735,0.9698445995045182,0.24754071620429235,0.5409378850262354,0.7383944342381266,0.6251332105472682,0.25088068607513725,1.0
170,Sebastian A.,37,M,Houston,"fitness, tech, travel",wholesome,indie,ambivert,low,dance night,F,33,41,Houston,1986-04-13,Houston,,0.6935293911778437,0.7426754792828032,0.45262183770354486,0.5208486182865052,0.7895435747440864,0.42840474047169463,0.20043365109661,0.48804484523201125,0.9464611484270047,0.8370997265275985,0.9366145898619527,0.6872883523805932,0.46959819653235424,0.45357956729456544,0.0,0.040574096962329886
171,Olivia D.,26,F,Atlanta,"books, cooking, fitness, yoga",wholesome,metal,ambivert,low,karaoke,M,23,29,Atlanta,1998-06-18,Kolkata,07:35,0.0,0.042653216339755606,0.6907180744617512,0.38888196688144716,0.601216960649436,0.3566032839520935,0.2580320821726939,0.0,0.22200936893229778,0.045970865306949965,0.5136435133760018,0.43302424645949755,0.0,0.8287608805960113,0.0,0.4111701837430099
172,Ella D.,34,F,Los Angeles,"boardgames, fitness, photography",wholesome,metal,ambivert,high,live music,M,28,40,Los Angeles,1990-07-11,Los Angeles,,0.419288275048672,0.43485864623525067,0.9959407862201957,0.5328568752648468,0.643378045397853,0.7052232882873813,0.29037646017498964,0.28248258926461706,0.6221570340794728,0.16252637261628775,0.862898293884411,0.49875536242213264,0.9749303297264842,0.01150102796722674,0.19847966347421597,1.0
173,Henry K.,36,M,Miami,"bbq, gaming",wholesome,metal,extrovert,low,food trucks,F,32,40,Miami,1988-09-10,Mumbai,14:52,0.37764756717263354,0.5288473901374289,0.7699589225852485,0.8074124982106226,0.8016859646619954,0.2583982865695853,0.21446963774963387,0.3570348851068314,0.4422904892375817,0.1413884919483701,0.5348535831904737,0.9978399653647925,0.07863682264840205,0.0,0.0,0.25250092316953493
174,Jacob N.,27,M,Seattle,"cinema, comedy, photography, poetry",wholesome,classical,ambivert,medium,board games,F,21,33,Any,1996-04-09,Chennai,,0.3403945805559492,0.2841291967202846,0.0,0.5451046208833804,0.9401967629447199,0.5435461963464998,0.1708558177622184,0.6422479178828608,0.5999936361328014,0.939078928831874,0.29778913167969856,0.2857150071891295,0.5786405268061365,0.0,0.9810534506032333,0.9506291139820577
175,Sofia E.,21,F,San Diego,"art, bbq, cooking, photography",wholesome,pop,extrovert,low,movie night,M,21,27,San Diego,2002-05-07,Mumbai,18:43,1.0,0.32565202680335903,0.0,0.8578429830595364,0.5935053549791163,0.31626078284914644,0.3635897411657343,0.0,0.7733095357327326,0.9886999918744985,0.9596129516833277,0.22423156188072846,0.4406519094745855,1.0,0.44434678858819376,0.34445291442763193
176,Elizabeth U.,24,F,Portland,"bbq, comedy, cooking, fitness",dark,jazz,extrovert,medium,art museum,M,21,27,Portland,1999-11-10,Chennai,,0.7007242542906524,0.0,0.7155116838612943,0.8559327522457733,0.5872406077806452,0.6003823609603368,0.7336921881173101,0.28425336339148477,0.5995320605113177,0.19142059060942523,0.5527215515124673,0.0,1.0,0.7771078119177908,0.8329602674144436,0.4987836529926765
177,Mila L.,28,F,Washington,"bbq, boardgames, gaming, tech",dark,pop,extrovert,medium,food trucks,any,24,32,Washington,1996-05-08,Kolkata,,0.6554024840747283,0.9038112786100597,0.35281561241685466,0.8408190155135742,0.6430514293153404,0.5631189242748812,0.7410738762750883,0.743420711656368,0.7088189569340526,0.18648394204708119,0.0,1.0,0.5041891097170987,0.8608371904687158,0.6099268506954929,0.6206688466252729
178,Oliver B.,29,M,Austin,"cinema, gaming, tech",dark,metal,introvert,low,escape room,F,26,32,Any,1995-10-15,Austin,,0.7224994160971686,0.7327910209575232,0.6043860068996307,0.27645202412235464,0.4566000151707612,0.27098611803921757,0.7877916870844637,0.18853909610510494,0.7990159775334063,0.0,0.694175095812573,1.0,0.7397311227614249,0.8969087796958195,0.5765707374434497,0.44708187659583665
179,Jackson P.,30,M,Los Angeles,"basketball, hiking",dark,edm,ambivert,medium,gallery opening,M,24,36,Los Angeles,1993-03-17,Chennai,,0.43775224233177734,0.12433693841875759,0.6238790753890241,0.6110132023187023,0.7125500550733781,0.42328988893515873,0.7754020315271112,0.687490246538118,0.9175839136585533,0.31774328243968863,0.2449627457811866,0.5388368097573553,0.6426874783165824,0.8800273056653551,0.6644030030341799,0.8295722892213436
180,Theodore Q.,29,M,Seattle,"cinema, fitness, hiking",dark,rock,introvert,low,escape room,F,26,32,Seattle,1994-12-14,Delhi,23:50,0.4764937716266889,0.4094816696540506,0.7078475678469629,0.12884950643761015,0.6078683006190934,0.44438984275800514,0.8244021233449506,0.8162463742395031,0.6253030935633153,1.0,0.05123139389142209,0.3091684536199788,0.0,0.9990410715530214,0.24156058058562963,0.7303106130477488
181,Scarlett C.,31,F,Boston,"basketball, cinema, comedy, travel",dark,metal,extrovert,high,trail walk,any,25,37,Boston,1992-02-06,Delhi,09:06,0.0,0.5000414621387683,0.4883917361145144,0.9018018229437079,0.44404500485487813,0.7907848430794391,0.7892006705623618,1.0,0.4395788035051991,0.17515894383956965,0.09346169490313999,0.7752231804793561,0.0,0.1616058523455863,0.5483090920890268,0.6874109492788305
182,Ava Z.,39,F,San Francisco,"books, cinema, poetry",dark,pop,ambivert,high,live music,M,33,42,San Francisco,1984-08-08,Delhi,,0.21952449303453664,0.8318746861894251,0.9694592013176189,0.3983868021785997,0.21154932687775385,0.6233424346731828,0.6604118146393703,0.6762408918692504,0.5631158284413648,0.15556052695189998,0.0,0.42489300562358595,0.9804768922717129,0.8340100091970368,0.6998778725096626,0.9073999843303306
183,Grace H.,30,F,Seattle,"basketball, books, music, tech",dark,rap,ambivert,high,escape room,any,26,34,Seattle,1993-07-07,Seattle,,0.5133246650348197,0.38619826170586374,0.23584392303496177,0.49888579968008123,0.48974208782073364,0.6723191799712533,0.8370654744790581,0.5683704378203637,0.5622178107326834,0.4287070525953978,0.788286790987794,0.22230616633459,0.21916120051223292,0.20847332603102808,0.5778748273918666,0.344941117502272
184,Mia V.,34,F,San Francisco,"coffee, fitness, music",wholesome,metal,ambivert,high,day hike,F,29,39,Any,1989-08-07,San Francisco,01:51,0.04207654241307304,0.8280787401268167,1.0,0.44348421069549204,0.6319727838237674,0.6910538244556188,0.17290825505937696,0.0,1.0,0.0,0.44532396822031206,0.46392955335354896,0.45723283305060347,0.9685819858012308,0.38258302358147656,0.4610347104249622
185,Jacob P.,38,M,Denver,"bbq, books, coffee, hiking",dark,rock,ambivert,low,art museum,M,33,42,Denver,1985-03-07,Delhi,,0.34769710895107403,0.0,0.9007835505225099,0.460396588400183,0.641205510368525,0.38647477097758454,0.7279530124021629,0.769491332573236,0.7786666004773317,0.09621713618432165,0.4504339945290438,0.1324521388580013,0.5649751278590232,0.5011018866842862,0.6617008276127364,0.4994392188127256
186,Cameron A.,26,NB,Dallas,"climbing, gaming",wholesome,rock,extrovert,low,art crawl,any,21,31,Any,1997-10-26,Hyderabad,,0.8521390828854427,1.0,1.0,0.6983465044164101,0.5691049503884494,0.34619708467462995,0.21695127902030337,0.6713993578334041,0.1339535129874056,0.821885448988398,0.5080880753968608,0.8160091805119638,0.5982544870483757,0.6600776246244122,0.9035640306573769,0.1159643490267595
187,Lucas S.,25,M,Miami,"bbq, climbing, gaming, hiking",dark,metal,introvert,low,local show,F,21,29,Miami,1999-04-03,Miami,,0.0,0.8126538782812507,0.5186927633186478,0.1945054513814098,0.7297867139940518,0.27402818690009256,0.6623053295614298,0.29575827528245896,0.6841308878173682,0.35748543613879097,0.9532406933746855,0.9131100560805165,0.1884867521091309,0.32429483753683847,0.37872695382871086,0.7083793572357757
188,Finley C.,25,NB,New York,"beach, boardgames, photography",dark,pop,extrovert,high,museum,any,22,28,New York,1998-06-24,Kolkata,18:32,0.8000791452765306,0.21394705354010965,0.0,0.809559139975159,0.8156137867965361,0.5815996256262645,0.8217580804737794,0.05592160327954909,0.7997513483965356,0.7584364558223164,1.0,1.0,0.45103548717658454,0.4101171095474238,0.47127481347238526,1.0
189,Charlotte J.,39,F,Phoenix,"beach, climbing, comedy, gaming",wholesome,rock,ambivert,medium,brewery,M,35,42,Any,1985-07-01,Phoenix,07:46,0.0,0.3074155990368306,0.8387706307997662,0.5535880644609559,0.6472073455700365,0.48423650753604397,0.18140537798976486,0.7607513098990508,0.8955903233314637,0.47483328647982614,0.8096122662880008,0.03761653328328765,0.4608197125774205,0.1851406984263695,0.21265556308695172,0.09849544514065106
190,Aiden F.,22,M,Phoenix,"boardgames, cinema, yoga",dark,classical,extrovert,high,arcade,any,21,26,Any,2001-09-08,Phoenix,,0.3457033032228324,0.0,1.0,0.7756830828083147,0.42284796016153253,0.6443961360791421,0.848968495228231,0.819859861395687,0.7639250217843349,0.7982259364772177,0.2529189430519898,0.29542267767330677,1.0,0.22388245579728866,0.15217626781557866,0.35654932159297237
191,Ethan U.,22,M,Los Angeles,"cooking, poetry, travel, yoga",wholesome,metal,introvert,high,club,F,21,25,Any,2002-12-27,Bengaluru,17:04,0.6661209819875153,0.18116164003761884,0.17841219809252623,0.1003799910721667,1.0,0.7533070886793539,0.14773365826221047,0.0,0.7787157976611826,0.3888773755484413,0.037825367582114966,0.39345221999583774,0.11078368636762534,0.29407499760173167,0.43399187245762694,0.6025249331728506
192,Olivia X.,38,F,Seattle,"boardgames, hiking",wholesome,edm,ambivert,medium,poetry night,F,33,42,Seattle,1986-02-21,Hyderabad,,0.3343014668455428,0.16605138706776557,0.14921169152817848,0.505617360573469,0.5176798874901425,0.5625395838602121,0.3315160022377477,0.4989980459896863,0.18761534643633615,0.4331690766492008,0.0,0.22171955701091312,0.12016579506503378,0.47293778627153166,0.3437427992728903,0.6060373105153236
193,Daniel J.,31,M,Seattle,"hiking, photography",dark,indie,ambivert,high,day hike,M,25,37,Seattle,1992-11-29,Chennai,16:35,1.0,0.0,0.6246671941419983,0.5273599570131219,0.6388640497862186,0.7046511482081135,0.8014739520035743,0.3526142652401205,0.6253718088688925,0.4867284448720698,0.258038664721175,0.5474057871705196,0.6901712213794835,0.5380795749115297,0.435131273717163,0.3459283453726181
194,Casey F.,37,NB,San Diego,"photography, poetry",wholesome,pop,ambivert,low,bookstore,any,33,41,San Diego,1987-10-03,Mumbai,,0.26256591554371755,0.38594644640646447,0.3033225622284049,0.5404392592475946,1.0,0.27034385324002047,0.24361764110798842,0.2793595801746241,0.7850094748254813,0.29081665003926427,0.13774810371191135,0.28045281350683243,0.7469496672943088,0.49334739959013335,0.4585124774632643,1.0
195,Alex Z.,40,NB,Seattle,"art, basketball, cooking",dark,rock,introvert,low,poetry night,any,34,42,Seattle,1984-06-03,Mumbai,,0.557598434452917,0.6192395706589154,0.7288325804501548,0.31890522064686855,0.013569153269038126,0.3166379306185292,0.67700066049471,0.5587066707273761,0.608466582012805,0.991017408999217,0.39769547167947766,1.0,0.30043831509917585,0.8427510958800768,0.7351966036027788,0.6341213258175751
196,Ethan D.,32,M,Portland,"bbq, cinema",wholesome,edm,extrovert,medium,tea house,F,27,37,Portland,1992-10-19,Portland,15:38,0.6264203739072627,0.6984105150287232,0.9350447610610702,0.9057308387717522,0.6861801858000025,0.5810520017165943,0.226761540322981,0.579431931566101,0.3748734392161131,0.12392555195374183,0.7999128553691432,0.3240084628541217,1.0,0.44206565766978695,0.9578332425620525,0.954105244388873
197,Oliver G.,37,M,Seattle,"beach, books, cooking",wholesome,edm,extrovert,low,gallery opening,F,33,41,Seattle,1987-06-09,Bengaluru,,0.6679156555678589,0.34425894352788095,0.3389686090543769,0.9150267701654416,0.3934762535289517,0.33550359773256505,0.19224498158256675,0.686668131618507,0.827906721451261,0.9464850454271205,1.0,0.6244027060623167,0.2515563906186549,0.3179873699676294,0.6151479314186241,0.09233421079692106
198,Emily S.,32,F,Dallas,"boardgames, climbing, coffee, cooking",wholesome,jazz,ambivert,high,food trucks,F,28,36,Dallas,1991-02-16,Delhi,,0.18655702780185296,0.2102974943496138,0.0,0.4610907825515704,0.7912297016285126,0.6520415914776246,0.29285340202060894,0.0,0.42344126610800437,0.3480969816588925,0.28638036914775145,0.0,0.7830887375232366,0.5369462872525406,0.5997913272658384,0.17650363656831974
199,Joseph Q.,24,M,Phoenix,"art, bbq, boardgames, hiking",wholesome,pop,ambivert,high,gallery opening,any,21,28,Any,2000-03-07,Mumbai,09:50,0.9467168863797367,0.2579187681700773,0.0,0.5767498582746081,0.5214970387820911,0.681902185553799,0.30528930581691943,0.7702230824423981,0.6681551080959629,0.5828725575376856,0.9464795760503071,0.8672450457094756,0.864057804591297,0.0,0.5431600583731572,1.0
200,Samuel S.,21,M,Miami,"fitness, hiking, yoga",dark,indie,extrovert,high,karaoke,F,21,24,Miami,2003-09-13,Delhi,,0.023290273040634413,0.0,0.41625583380148196,0.897970608681923,0.713607043031745,0.7674408474091541,0.7504947806110834,0.48588926305553815,0.5985527332469569,0.6034458861026164,0.13292176876274026,0.39325184484106074,0.7559341922472647,0.15516384060034422,0.5702202069693755,0.3002334735176494
201,Faheem,21,M,Dharwad,"creative,ambitious,empathetic",dark,indie,extrovert,high,movie night,F,20,24,any,2004-09-27,Delhi,06:52,0.81,0.67,0.74,0.69,0.88,0.77,0.71,0.63,0.84,0.79,0.82,0.76,0.71,0.85,0.74,0.79
202,Bunny,21,F,Dharwad,"sarcastic,ambitious,loyal",sarcastic,bollywood,introvert,low,movie night,M,20,24,any,2004-03-22,Bengaluru,07:15,0.79,0.72,0.68,0.66,0.83,0.74,0.69,0.61,0.80,0.77,0.80,0.73,0.69,0.82,0.71,0.77
203,Sakshi,21,F,Hubli,"writing, gym, cuisines",sarcastic,rnb,introvert,low,beach,M,21,26,Seoul,2004-10-07,Belgaum,13:20,0.9,0.9,0.5,0.8,0.8,0.9,0.9,0.7,0.9,0.5,0.82,0.78,0.73,0.79,0.76,0.81

